Workbook

Sheet Dashboard
A1: OpenEMR Automation Framework -- Quality Dashboard
A2: Snapshot generated from the Test Case Register tab. Re-open and press Ctrl+Alt+F9 (or just open in Excel) to recalculate after adding rows.
A4: Coverage by Priority
A6: Priority | B6: Test Cases | C6: % of Total
A7: High | B7: =COUNTIF('Test Case Register'!$F$2:$F$48,A7) -> 15 | C7: =B7/$B$10 -> 0.31914894
A8: Medium | B8: =COUNTIF('Test Case Register'!$F$2:$F$48,A8) -> 21 | C8: =B8/$B$10 -> 0.44680851
A9: Low | B9: =COUNTIF('Test Case Register'!$F$2:$F$48,A9) -> 11 | C9: =B9/$B$10 -> 0.23404255
A10: Total | B10: =SUM(B7:B9) -> 47 | C10: 1
A12: Coverage by Test Type
A13: Test Type | B13: Test Cases
A14: Functional | B14: =COUNTIF('Test Case Register'!$G$2:$G$48,A14) -> 20
A15: Functional (Data-Driven) | B15: =COUNTIF('Test Case Register'!$G$2:$G$48,A15) -> 5
A16: Negative | B16: =COUNTIF('Test Case Register'!$G$2:$G$48,A16) -> 11
A17: Security | B17: =COUNTIF('Test Case Register'!$G$2:$G$48,A17) -> 2
A18: Performance | B18: =COUNTIF('Test Case Register'!$G$2:$G$48,A18) -> 2
A19: Accessibility | B19: =COUNTIF('Test Case Register'!$G$2:$G$48,A19) -> 2
A20: API | B20: =COUNTIF('Test Case Register'!$G$2:$G$48,A20) -> 5
A22: Coverage by Component
A23: Component | B23: Test Cases
A24: Login | B24: =COUNTIF('Test Case Register'!$E$2:$E$48,A24) -> 12
A25: Login (legacy) | B25: =COUNTIF('Test Case Register'!$E$2:$E$48,A25) -> 1
A26: Patient Management | B26: =COUNTIF('Test Case Register'!$E$2:$E$48,A26) -> 11
A27: Navigation | B27: =COUNTIF('Test Case Register'!$E$2:$E$48,A27) -> 5
A28: Admin & Session | B28: =COUNTIF('Test Case Register'!$E$2:$E$48,A28) -> 4
A29: Browser/Device | B29: =COUNTIF('Test Case Register'!$E$2:$E$48,A29) -> 4
A30: API - Transport | B30: =COUNTIF('Test Case Register'!$E$2:$E$48,A30) -> 2
A31: API - Standard REST | B31: =COUNTIF('Test Case Register'!$E$2:$E$48,A31) -> 8
A33: Automation & Environment Gating
A34: Automated (written scenarios) | B34: =COUNTIF('Test Case Register'!$H$2:$H$48,"Y") -> 47
A35: Runs unconditionally in CI | B35: =COUNTIF('Test Case Register'!$J$2:$J$48,"Automated - runs in CI") -> 43
A36: Env-gated (needs OAuth2 Password Grant) | B36: =COUNTIFS('Test Case Register'!$J$2:$J$48,"*env-gated*") -> 4
A38: Note: counts are of written Cucumber scenarios, not runtime-expanded Scenario Outline rows (Examples tables push actual executed-scenario count higher, e.g. the ~80 scenarios the CI regression job reports).

Sheet Test Case Register
A1: Key | B1: Feature File | C1: Scenario / Summary | D1: Tags | E1: Component | F1: Priority | G1: Test Type | H1: Automated | I1: Automation Reference | J1: Status | K1: Notes
A2: OEMR-T1 | B2: admin.feature | C2: Logout successfully | D2: @regression @smoke | E2: Admin & Session | F2: High | G2: Functional | H2: Y | I2: src/test/resources/features/admin.feature -> LoginSteps / AdminSteps | J2: Automated - runs in CI
A3: OEMR-T2 | B3: admin.feature | C3: Admin menu is visible for a logged-in administrator | D3: @permission | E3: Admin & Session | F3: Low | G3: Functional | H3: Y | I3: src/test/resources/features/admin.feature -> LoginSteps / AdminSteps | J3: Automated - runs in CI
A4: OEMR-T3 | B4: admin.feature | C4: Session ends after logout and protected pages redirect to login | D4: @permission @security | E4: Admin & Session | F4: High | G4: Security | H4: Y | I4: src/test/resources/features/admin.feature -> LoginSteps / AdminSteps | J4: Automated - runs in CI
A5: OEMR-T4 | B5: admin.feature | C5: Logging out and logging back in restores dashboard access | D5: @lifecycle | E5: Admin & Session | F5: Low | G5: Functional | H5: Y | I5: src/test/resources/features/admin.feature -> LoginSteps / AdminSteps | J5: Automated - runs in CI
A6: OEMR-T5 | B6: api.feature | C6: Login endpoint responds successfully | D6: @api @smoke | E6: API - Transport | F6: High | G6: API | H6: Y | I6: src/test/resources/features/api.feature -> ApiSteps | J6: Automated - runs in CI
A7: OEMR-T6 | B7: api.feature | C7: Login endpoint responds within an acceptable time budget | D7: @api @performance | E7: API - Transport | F7: Medium | G7: Performance | H7: Y | I7: src/test/resources/features/api.feature -> ApiSteps | J7: Automated - runs in CI
A8: OEMR-T7 | B8: browser_behavior.feature | C8: Application remains usable across common viewport sizes | D8: @device @regression | E8: Browser/Device | F8: Medium | G8: Functional | H8: Y | I8: src/test/resources/features/browser_behavior.feature -> BrowserBehaviorSteps | J8: Automated - runs in CI
A9: OEMR-T8 | B9: browser_behavior.feature | C9: Browser back/forward navigation after login does not break the session | D9: @device @regression | E9: Browser/Device | F9: Medium | G9: Functional | H9: Y | I9: src/test/resources/features/browser_behavior.feature -> BrowserBehaviorSteps | J9: Automated - runs in CI
A10: OEMR-T9 | B10: browser_behavior.feature | C10: Opening a new tab and switching back does not affect the active session | D10: @interrupt | E10: Browser/Device | F10: Low | G10: Functional | H10: Y | I10: src/test/resources/features/browser_behavior.feature -> BrowserBehaviorSteps | J10: Automated - runs in CI
A11: OEMR-T10 | B11: browser_behavior.feature | C11: Refreshing mid-workflow recovers gracefully | D11: @interrupt @regression | E11: Browser/Device | F11: Medium | G11: Functional | H11: Y | I11: src/test/resources/features/browser_behavior.feature -> BrowserBehaviorSteps | J11: Automated - runs in CI
A12: OEMR-T11 | B12: login.feature | C12: Successful login with valid credentials | D12: @smoke @cross-browser | E12: Login | F12: High | G12: Functional | H12: Y | I12: src/test/resources/features/login.feature -> LoginSteps | J12: Automated - runs in CI
A13: OEMR-T12 | B13: login.feature | C13: Login page displays the OpenEMR branding | D13: @smoke | E13: Login | F13: High | G13: Functional | H13: Y | I13: src/test/resources/features/login.feature -> LoginSteps | J13: Automated - runs in CI
... A48: OEMR-T47 | B48: standard_api.feature | C48: Requesting a non-existent patient returns 404 | D48: @api @authenticated @requires-password-grant @negative | E48: API - Standard REST | F48: Medium | G48: Negative | H48: Y | I48: src/test/resources/features/standard_api.feature -> ApiSteps | J48: Automated - env-gated (needs OAuth2 Password Grant enabled on target instance)
